Entry	Entry Name	Protein names	Gene Names	Organism	Organism (ID)	Length	Sequence	3D	Protein families	Motif	Repeat	Domain [CC]	Domain [FT]	Sequence similarities	EC number	Rhea ID	Catalytic activity	Function [CC]	DOI ID	EC_key
P50135	HNMT_HUMAN	Histamine N-methyltransferase (HMT) (EC 2.1.1.8)	HNMT	Homo sapiens (Human)	9606	292	MASSMRSLFSDHGKYVESFRRFLNHSTEHQCMQEFMDKKLPGIIGRIGDTKSEIKILSIGGGAGEIDLQILSKVQAQYPGVCINNEVVEPSAEQIAKYKELVAKTSNLENVKFAWHKETSSEYQSRMLEKKELQKWDFIHMIQMLYYVKDIPATLKFFHSLLGTNAKMLIIVVSGSSGWDKLWKKYGSRFPQDDLCQYITSDDLTQMLDNLGLKYECYDLLSTMDISDCFIDGNENGDLLWDFLTETCNFNATAPPDLRAELGKDLQEPEFSAKKEGKVLFNNTLSFIVIEA	X-ray crystallography (7)	Class I-like SAM-binding methyltransferase superfamily, HNMT family					SIMILARITY: Belongs to the class I-like SAM-binding methyltransferase superfamily. HNMT family. {ECO:0000255|PROSITE-ProRule:PRU00929}.	2.1.1.8	RHEA:19301	CATALYTIC ACTIVITY: Reaction=histamine + S-adenosyl-L-methionine = N(tau)-methylhistamine + S-adenosyl-L-homocysteine + H(+); Xref=Rhea:RHEA:19301, ChEBI:CHEBI:15378, ChEBI:CHEBI:57856, ChEBI:CHEBI:58432, ChEBI:CHEBI:58600, ChEBI:CHEBI:59789; EC=2.1.1.8; Evidence={ECO:0000255|PROSITE-ProRule:PRU00929, ECO:0000269|PubMed:26206890};	FUNCTION: Inactivates histamine by N-methylation. Plays an important role in degrading histamine and in regulating the airway response to histamine. {ECO:0000269|PubMed:26206890}.	10.1152/ajplung.1994.267.3.l342; 10.1006/bbrc.1996.0271; 10.1016/s0888-7543(03)00236-2; 10.1038/ng1285; 10.1038/nature03466; 10.1101/gr.2596504; 10.1186/1752-0509-5-17; 10.1016/j.jprot.2013.11.014; 10.1016/s0969-2126(01)00643-8; 10.1124/mol.53.4.708; 10.1097/00008571-200004000-00007; 10.1093/hmg/ddv286	2.1.1.8
Q01984	HNMT_RAT	Histamine N-methyltransferase (HMT) (EC 2.1.1.8)	Hnmt	Rattus norvegicus (Rat)	10116	295	MASFMRSLFSDHSRYVESFRRFLNNSTEHQCMQEFMDKKLPGIIARIGETKAEIKILSIGGGAGEIDLQILSKVQAQYPGICINNEVVEPNAEQIVKYKELVAKTSNMENIKFAWHKETSSEYQKRVVEEDEEPPKWDFIHMIQMLYYVKDIPATLKFFHGLLAANAKILIILVSGTSGWEKLWKKYGFRLPRDDLCQYVTSSDLAQILDDLGIKYECYDLLSTMDITDCFIDGNENGDLLWDFLTETCNFIKTAPLDLKEEIMKDLQEPEFSVKKEGKVLFNNNLSFIVVEANV		Class I-like SAM-binding methyltransferase superfamily, HNMT family					SIMILARITY: Belongs to the class I-like SAM-binding methyltransferase superfamily. HNMT family. {ECO:0000255|PROSITE-ProRule:PRU00929}.	2.1.1.8	RHEA:19301	CATALYTIC ACTIVITY: Reaction=histamine + S-adenosyl-L-methionine = N(tau)-methylhistamine + S-adenosyl-L-homocysteine + H(+); Xref=Rhea:RHEA:19301, ChEBI:CHEBI:15378, ChEBI:CHEBI:57856, ChEBI:CHEBI:58432, ChEBI:CHEBI:58600, ChEBI:CHEBI:59789; EC=2.1.1.8; Evidence={ECO:0000255|PROSITE-ProRule:PRU00929, ECO:0000269|PubMed:1639806};	FUNCTION: Inactivates histamine by N-methylation. Plays an important role in degrading histamine and in regulating the airway response to histamine. {ECO:0000269|PubMed:1639806}.	10.1016/s0021-9258(19)49590-2; 10.1254/jjp.88.85; 10.1101/gr.2596504	2.1.1.8
Q91VF2	HNMT_MOUSE	Histamine N-methyltransferase (HMT) (EC 2.1.1.8)	Hnmt Hmt	Mus musculus (Mouse)	10090	295	MASCMRSLFSDQGRYVESFRRFLNNSTEHQCMQEFMDKKLPGIIARIGEAKAEIKILSVGGGAGEVDLQILSKVQAQYPGICINNEVVEPSAEQIVKYKELVAKTSNMENIKFSWHKETSSEYQKRMLEEEEEPPKWDFIHMIQMLYYVKDIPATLKFFHGLLAASAKILIILVSGTSGWEKLWKKYGSRLPRDDLCQYVTSSDLAQILDDLGIKYECYDLVSTMDITDCFIDGNENGDLLWDFLTETCNFSKTAPLDLKAEIMKDLQEPEFSVKKEGKVLFNNNLSFIVVEANV		Class I-like SAM-binding methyltransferase superfamily, HNMT family					SIMILARITY: Belongs to the class I-like SAM-binding methyltransferase superfamily. HNMT family. {ECO:0000255|PROSITE-ProRule:PRU00929}.	2.1.1.8	RHEA:19301	CATALYTIC ACTIVITY: Reaction=histamine + S-adenosyl-L-methionine = N(tau)-methylhistamine + S-adenosyl-L-homocysteine + H(+); Xref=Rhea:RHEA:19301, ChEBI:CHEBI:15378, ChEBI:CHEBI:57856, ChEBI:CHEBI:58432, ChEBI:CHEBI:58600, ChEBI:CHEBI:59789; EC=2.1.1.8; Evidence={ECO:0000255|PROSITE-ProRule:PRU00929, ECO:0000269|PubMed:11475331};	FUNCTION: Inactivates histamine by N-methylation. Plays an important role in degrading histamine and in regulating the airway response to histamine. {ECO:0000269|PubMed:11475331}.	10.1007/pl00000248; 10.1254/jjp.88.85; 10.1126/science.1112014; 10.1101/gr.2596504; 10.1016/j.cell.2010.12.001	2.1.1.8
Q58DV7	HNMT_BOVIN	Histamine N-methyltransferase (HMT) (EC 2.1.1.8)	HNMT	Bos taurus (Bovine)	9913	292	MASSMRSLFTDHSRYVESFRRFLSNSTEHQCMQEFMDKKLPGIIARIGDIKSEIKILSIGGGAGEIDLQILSKVQAQYPGVHIINEVVEPSAEQITKYKELVAKTSNLENIKFAWHKETSSEYQNRMMEKKELQRWDFIHMIQMLYYVKDIPATLKFFHSLLATNAKILIIIVSGASSWQKLWEKYGSRLPRNDLCQYVTSSDLTQMLDKLGIKYEYYDLLSTMDISDCFIDGNENGDLLWDFLTETCNFNTTAPPDLKAEIMKDLQKPEFSIKKEGKVLFNNSLSFIVVEA		Class I-like SAM-binding methyltransferase superfamily, HNMT family					SIMILARITY: Belongs to the class I-like SAM-binding methyltransferase superfamily. HNMT family. {ECO:0000255|PROSITE-ProRule:PRU00929}.	2.1.1.8	RHEA:19301	CATALYTIC ACTIVITY: Reaction=histamine + S-adenosyl-L-methionine = N(tau)-methylhistamine + S-adenosyl-L-homocysteine + H(+); Xref=Rhea:RHEA:19301, ChEBI:CHEBI:15378, ChEBI:CHEBI:57856, ChEBI:CHEBI:58432, ChEBI:CHEBI:58600, ChEBI:CHEBI:59789; EC=2.1.1.8; Evidence={ECO:0000250|UniProtKB:P50135, ECO:0000255|PROSITE-ProRule:PRU00929};	FUNCTION: Inactivates histamine by N-methylation. Plays an important role in degrading histamine and in regulating the airway response to histamine. {ECO:0000250|UniProtKB:P50135}.	10.1186/1471-2164-6-166	2.1.1.8
Q9EST2	HNMT_CAVPO	Histamine N-methyltransferase (HMT) (EC 2.1.1.8)	HNMT	Cavia porcellus (Guinea pig)	10141	292	MASSMRSLFSDHGRYFEAFRRFLNNSTEYQCMREFMDKQLPGIIARIGGSKSEIKVLSIGGGAGEMDLHILSKVKAQYPGVHIINEVVEPSAEQITKYKELVAKTSNLENIKFAWHKETSSEYQNRVMEQKEIQKWDFIHMIQMLYYVDDIPATLKFFHSLLATNAKILIILVSGKSGWLKFWKKYRSRLPQNDLCQYVTSFDIIQMLDSLGIKYQCYDLLSTMDITDCFIDGNENGELLWDFLTETCNFLTTAPPDLRAEIMKDLQGPEFIVRKEGKILFDNSLSFITIEA		Class I-like SAM-binding methyltransferase superfamily, HNMT family					SIMILARITY: Belongs to the class I-like SAM-binding methyltransferase superfamily. HNMT family. {ECO:0000255|PROSITE-ProRule:PRU00929}.	2.1.1.8	RHEA:19301	CATALYTIC ACTIVITY: Reaction=histamine + S-adenosyl-L-methionine = N(tau)-methylhistamine + S-adenosyl-L-homocysteine + H(+); Xref=Rhea:RHEA:19301, ChEBI:CHEBI:15378, ChEBI:CHEBI:57856, ChEBI:CHEBI:58432, ChEBI:CHEBI:58600, ChEBI:CHEBI:59789; EC=2.1.1.8; Evidence={ECO:0000250|UniProtKB:P50135, ECO:0000255|PROSITE-ProRule:PRU00929};	FUNCTION: Inactivates histamine by N-methylation. Plays an important role in degrading histamine and in regulating the airway response to histamine. {ECO:0000250|UniProtKB:P50135}.	10.1254/jjp.85.105	2.1.1.8
Q0V9P1	HNMT_XENTR	Histamine N-methyltransferase (HMT) (EC 2.1.1.8)	hnmt	Xenopus tropicalis (Western clawed frog) (Silurana tropicalis)	8364	293	MDSGLRSLLSDHSRYVESFRLFLLNSTEHQCMQRFIDTQFPHIVSSIGKDKSVIDILGIGSGSGEIDLQMIGKIQSRHPGVAISNQIVEPSAEQIIGYKERVAKAPNLGAVSFSWHRQTSSEYERQVNEEKQMRSYDFIHMIQMLYYVKDVPATLRFFKSCLAPNGKLLIILVSGNSGWSMLWKKHGPQLPLNDLCLYVTAGDIAQMLSSMGARFQSYELPSDMDITECFIEGDRNGEMLLDFLTETCDFKRNAPADLREQILCDLKSPECSTTRDGKVIFNNNLSVIVVERD		Class I-like SAM-binding methyltransferase superfamily, HNMT family					SIMILARITY: Belongs to the class I-like SAM-binding methyltransferase superfamily. HNMT family. {ECO:0000255|PROSITE-ProRule:PRU00929}.	2.1.1.8	RHEA:19301	CATALYTIC ACTIVITY: Reaction=histamine + S-adenosyl-L-methionine = N(tau)-methylhistamine + S-adenosyl-L-homocysteine + H(+); Xref=Rhea:RHEA:19301, ChEBI:CHEBI:15378, ChEBI:CHEBI:57856, ChEBI:CHEBI:58432, ChEBI:CHEBI:58600, ChEBI:CHEBI:59789; EC=2.1.1.8; Evidence={ECO:0000250|UniProtKB:P50135, ECO:0000255|PROSITE-ProRule:PRU00929};	FUNCTION: Inactivates histamine by N-methylation. Plays an important role in degrading histamine and in regulating the airway response to histamine. {ECO:0000250|UniProtKB:P50135}.		2.1.1.8
Q4SBY6	HNMT_TETNG	Histamine N-methyltransferase (HMT) (EC 2.1.1.8)	hnmt GSTENG00020755001	Tetraodon nigroviridis (Spotted green pufferfish) (Chelonodon nigroviridis)	99883	291	MASAMRSLIEDDSRYLKSFKLFLERSTEHQCVQEFIHNVLPDILGSVGKGKTHLNVIGVGSGAGEVDLEILSELHSRHPGASVDNEVVEPSAQQLQDYKALVLQKKDLDYISFNWNKMTATEFEERWRANKMSKEADFIHMIQMLYYVKDPEATTSFFQSLLSKTGKLLIILVSGNSGWGKLWKTYKNQFCNPEISQCVTTADIQSFLDSKGARYQSFELPSQMDITECFTQGDEKGELLLDFLTEVLEFSKTASPELRAEVMELLRHPDCSVESNGRVMFNNNLGVIVLD		Class I-like SAM-binding methyltransferase superfamily, HNMT family					SIMILARITY: Belongs to the class I-like SAM-binding methyltransferase superfamily. HNMT family. {ECO:0000255|PROSITE-ProRule:PRU00929}.	2.1.1.8	RHEA:19301	CATALYTIC ACTIVITY: Reaction=histamine + S-adenosyl-L-methionine = N(tau)-methylhistamine + S-adenosyl-L-homocysteine + H(+); Xref=Rhea:RHEA:19301, ChEBI:CHEBI:15378, ChEBI:CHEBI:57856, ChEBI:CHEBI:58432, ChEBI:CHEBI:58600, ChEBI:CHEBI:59789; EC=2.1.1.8; Evidence={ECO:0000250|UniProtKB:P50135, ECO:0000255|PROSITE-ProRule:PRU00929};	FUNCTION: Inactivates histamine by N-methylation. Plays an important role in degrading histamine and in regulating the airway response to histamine. {ECO:0000250|UniProtKB:P50135}.	10.1038/nature03025	2.1.1.8
Q5R7C3	HNMT_PONAB	Histamine N-methyltransferase (HMT) (EC 2.1.1.8)	HNMT	Pongo abelii (Sumatran orangutan) (Pongo pygmaeus abelii)	9601	292	MVSSMRSLFSDHGKYVESFRRFLNHSTEHQCMQEFMDKKLPGIIARIGDTKSEIKILSIGGGAGEIDLQILSKVQAQYPGVCINNEVVEPSAEQIAKYKGPVAKTSNLENVKFAWHKETSSEYQSRILEKKELQKWDFIHMIQMLYYVKDIPATLKFFHSLLGTNAKMLIIVVSGSSGWDKLWKKYGSRFPQNDLCQYVTSDDLTQMLDNLGLKYECYDLFSTMDISDCFIDGNENGDLLWDFLTETCNFNATAPPDLKAELGKDLQEPEFSAKKEGKVLFNNTLSFIVIEA		Class I-like SAM-binding methyltransferase superfamily, HNMT family					SIMILARITY: Belongs to the class I-like SAM-binding methyltransferase superfamily. HNMT family. {ECO:0000255|PROSITE-ProRule:PRU00929}.	2.1.1.8	RHEA:19301	CATALYTIC ACTIVITY: Reaction=histamine + S-adenosyl-L-methionine = N(tau)-methylhistamine + S-adenosyl-L-homocysteine + H(+); Xref=Rhea:RHEA:19301, ChEBI:CHEBI:15378, ChEBI:CHEBI:57856, ChEBI:CHEBI:58432, ChEBI:CHEBI:58600, ChEBI:CHEBI:59789; EC=2.1.1.8; Evidence={ECO:0000250|UniProtKB:P50135, ECO:0000255|PROSITE-ProRule:PRU00929};	FUNCTION: Inactivates histamine by N-methylation. Plays an important role in degrading histamine and in regulating the airway response to histamine. {ECO:0000250|UniProtKB:P50135}.		2.1.1.8
Q5U4V2	HNMTA_XENLA	Histamine N-methyltransferase A (HMT A) (EC 2.1.1.8)	hnmt-a	Xenopus laevis (African clawed frog)	8355	293	MDSKLRSLLSDHSRYVESFRLFLQNSTEHQCMQHFIESKLPNIISSIGNDKPVIDVLGVGSGSGEIDLQMIAKIQARWPGVPINNQIVEPSAEQIFGYKERVAKAPNLENVTFSWHRQTSSEFESQVNEDKQMRKFDFIHMIQMLYYVKDVLGTLKFFKSCLAPSGKLLIILVSGNSGWATLWKKYGQRLPLNDLCLYITAGDIAEMLSSMGARFQSHELQSDMDITECFIEGDRDGELLLDFLTETCDFKRNAPADLRDQIICDLKSPGCSTTKDGKVIFNNNLSVIVVEAD		Class I-like SAM-binding methyltransferase superfamily, HNMT family					SIMILARITY: Belongs to the class I-like SAM-binding methyltransferase superfamily. HNMT family. {ECO:0000255|PROSITE-ProRule:PRU00929}.	2.1.1.8	RHEA:19301	CATALYTIC ACTIVITY: Reaction=histamine + S-adenosyl-L-methionine = N(tau)-methylhistamine + S-adenosyl-L-homocysteine + H(+); Xref=Rhea:RHEA:19301, ChEBI:CHEBI:15378, ChEBI:CHEBI:57856, ChEBI:CHEBI:58432, ChEBI:CHEBI:58600, ChEBI:CHEBI:59789; EC=2.1.1.8; Evidence={ECO:0000250|UniProtKB:P50135, ECO:0000255|PROSITE-ProRule:PRU00929};	FUNCTION: Inactivates histamine by N-methylation. Plays an important role in degrading histamine and in regulating the airway response to histamine. {ECO:0000250|UniProtKB:P50135}.		2.1.1.8
Q6DC37	HNMT_DANRE	Histamine N-methyltransferase (HMT) (EC 2.1.1.8)	hnmt zgc:100917	Danio rerio (Zebrafish) (Brachydanio rerio)	7955	292	MAAPFKTLVEDYPRYLKSFELFLERSSEHQCMQDFIHNTLPDILASIGGGRSVFNVMGVGSGAGDIDLEMLAQLHLKHPHVKVDNEVVEPSNDMLYKYKARVSTSPDLAYINFTWNKMTASEFEKQWQEKTPEKKMDFIHMIQMLYYVKDPNATVSFFRSLLEKDGKLLIILVSGESGWGKLWTTFRKQLCYTEMSQCVTIGEIKSFLDSEGVPYRKYVLLSQMDITECFTEGDQEGELLLDFLTEVKEFSKNAPERLKKEVLDVLRHPDCSKEVDGRIIFNNNLEVLVIEP		Class I-like SAM-binding methyltransferase superfamily, HNMT family					SIMILARITY: Belongs to the class I-like SAM-binding methyltransferase superfamily. HNMT family. {ECO:0000255|PROSITE-ProRule:PRU00929}.	2.1.1.8	RHEA:19301	CATALYTIC ACTIVITY: Reaction=histamine + S-adenosyl-L-methionine = N(tau)-methylhistamine + S-adenosyl-L-homocysteine + H(+); Xref=Rhea:RHEA:19301, ChEBI:CHEBI:15378, ChEBI:CHEBI:57856, ChEBI:CHEBI:58432, ChEBI:CHEBI:58600, ChEBI:CHEBI:59789; EC=2.1.1.8; Evidence={ECO:0000250|UniProtKB:P50135, ECO:0000255|PROSITE-ProRule:PRU00929};	FUNCTION: Inactivates histamine by N-methylation. Plays an important role in degrading histamine and in regulating the airway response to histamine. {ECO:0000250|UniProtKB:P50135}.		2.1.1.8
Q7SYS9	HNMTB_XENLA	Histamine N-methyltransferase B (HMT B) (EC 2.1.1.8)	hnmt-b	Xenopus laevis (African clawed frog)	8355	293	MDSGLRSLLSDHSRYVESFRLFLQNSTEHQCMQHFIETKLPDIISSIGNDKPVIDVLGIGSGSGEIDLQMIAKIQARWPGVSINNQIVEPSAEQILGYKERVAKAPNLGYVTFSWHHQTSSEFEHRVTEDKQMTKYDFIHMIQMLYYVKDVPGTLKFFKSCLAPNGKLLIILVSGNSGWAPLWKKYGQRLPLNDLCLYVTAGDIAEMLSSMGARFQSHELQSDMDITKCFIEGDKNGELLLDFLTETCDFRKNAPAELRDQIICDLKSPRCSTTKDGKVIFNNNLSVIVVEAD		Class I-like SAM-binding methyltransferase superfamily, HNMT family					SIMILARITY: Belongs to the class I-like SAM-binding methyltransferase superfamily. HNMT family. {ECO:0000255|PROSITE-ProRule:PRU00929}.	2.1.1.8	RHEA:19301	CATALYTIC ACTIVITY: Reaction=histamine + S-adenosyl-L-methionine = N(tau)-methylhistamine + S-adenosyl-L-homocysteine + H(+); Xref=Rhea:RHEA:19301, ChEBI:CHEBI:15378, ChEBI:CHEBI:57856, ChEBI:CHEBI:58432, ChEBI:CHEBI:58600, ChEBI:CHEBI:59789; EC=2.1.1.8; Evidence={ECO:0000250|UniProtKB:P50135, ECO:0000255|PROSITE-ProRule:PRU00929};	FUNCTION: Inactivates histamine by N-methylation. Plays an important role in degrading histamine and in regulating the airway response to histamine. {ECO:0000250|UniProtKB:P50135}.		2.1.1.8
