Entry	Entry Name	Protein names	Gene Names	Organism	Organism (ID)	Length	Sequence	3D	Protein families	Motif	Repeat	Domain [CC]	Domain [FT]	Sequence similarities	EC number	Rhea ID	Catalytic activity	Function [CC]	DOI ID	MT_group
O30642	MTMB1_METBA	Monomethylamine methyltransferase MtmB1 (MMA methyltransferase 1) (MMAMT 1) (EC 2.1.1.248)	mtmB1 mtmB	Methanosarcina barkeri	2208	458	MTFRKSFDCYDFYDRAKVGEKCTQDDWDLMKIPMKAMELKQKYGLDFKGEFIPTDKDMMEKLFKAGFEMLLECGIYCTDTHRIVKYTEDEIWDAINNVQKEFVLGTGRDAVNVRKRSVGDKAKPIVQGGPTGSPISEDVFMPVHMSYALEKEVDTIVNGVMTSVRGKSPIPKSPYEVLAAKTETRLIKNACAMAGRPGMGVOGPETSLSAQGNISADCTGGMTCTDSHEVSQLNELKIDLDAISVIAHYKGNSDIIMDEQMPIFGGYAGGIEETTIVDVATHINAVLMSSASWHLDGPVHIRWGSTNTRETLMIAGWACATISEFTDILSGNQYYPCAGPCTEMCLLEASAQSITDTASGREILSGVASAKGVVTDKTTGMEARMMGEVARATAGVEISEVNVILDKLVSLYEKNYASAPAGKTFQECYDVKTVTPTEEYMQVYDGARKKLEDLGLVF	X-ray crystallography (5)	Monomethylamine methyltransferase family					SIMILARITY: Belongs to the monomethylamine methyltransferase family. {ECO:0000305}.	2.1.1.248	RHEA:26059	CATALYTIC ACTIVITY: Reaction=Co(I)-[methylamine-specific corrinoid protein] + methylamine + H(+) = methyl-Co(III)-[methylamine-specific corrinoid protein] + NH4(+); Xref=Rhea:RHEA:26059, Rhea:RHEA-COMP:11120, Rhea:RHEA-COMP:11121, ChEBI:CHEBI:15378, ChEBI:CHEBI:28938, ChEBI:CHEBI:59338, ChEBI:CHEBI:85033, ChEBI:CHEBI:85035; EC=2.1.1.248; Evidence={ECO:0000269|PubMed:9195968};	FUNCTION: Catalyzes the transfer of the methyl group from monomethylamine to the corrinoid cofactor of MtmC (MtmC1 or MtmC2). {ECO:0000269|PubMed:9195968, ECO:0000269|PubMed:9642198}.	10.1128/jb.180.13.3432-3440.1998; 10.1074/jbc.m102929200; 10.1074/jbc.272.26.16570; 10.1074/jbc.m506402200; 10.1126/science.1069556	OTHER
O93658	MTTB_METBA	Trimethylamine methyltransferase MttB (TMA methyltransferase) (EC 2.1.1.250) (Trimethylamine--corrinoid protein methyltransferase)	mttB	Methanosarcina barkeri	2208	495	MAKNNAVAGFNALNGVELNLFTTDELKAIHYATMEVLMDPGIQVSDPEARQIFKENGCEVNEKTNVVKIPEYLVRKALQLAPSRFVLWGRDKKFNTVQECGGKVHWTCFGTGVKVCKYQDGKYVTVDSVEKDIADIAKLCDWAENIDYFSLPVSARDIAGQGAQDVHETLTPLANTAKHFHHIDPVGENVEYYRDIVKAYYGGDEEEARKKPIFSMLLCPTSPLELSVNACQVIIKGARFGIPVNVLSMAMSGGSSPVYLAGTLVTHNAEVLSGIVLAQLTVPGAKVWYGSSTTTFDLKKGTAPVGSPELGLISAAVAKLAQFYGLPSYVAGSOSDAKVPDDQAGHEKTMTTLLPALAGANTIYGAGMLELGMTFSMEQLVIDNDIFSMVKKAMQGIPVSEETLAVESIQKVGIGNNFLALKQTRQLVDYPSNPMLLDRHMFGDWAAAGSKDLATVAHEKVEDVLKNHQVTPIDADIFKDMQAIVDKADKAFRGM	X-ray crystallography (3)	Trimethylamine methyltransferase family					SIMILARITY: Belongs to the trimethylamine methyltransferase family. {ECO:0000305}.	2.1.1.250	RHEA:39287	CATALYTIC ACTIVITY: Reaction=Co(I)-[trimethylamine-specific corrinoid protein] + trimethylamine + H(+) = methyl-Co(III)-[trimethylamine-specific corrinoid protein] + dimethylamine; Xref=Rhea:RHEA:39287, Rhea:RHEA-COMP:11124, Rhea:RHEA-COMP:11126, ChEBI:CHEBI:15378, ChEBI:CHEBI:58040, ChEBI:CHEBI:58389, ChEBI:CHEBI:85033, ChEBI:CHEBI:85035; EC=2.1.1.250; Evidence={ECO:0000269|PubMed:9006042};	FUNCTION: Catalyzes the transfer of a methyl group from trimethylamine to the corrinoid cofactor of MttC. {ECO:0000269|PubMed:9006042}.	10.1128/jb.182.9.2520-2529.2000; 10.1128/jb.179.3.846-852.1997; 10.1074/jbc.m506402200	OTHER
O93661	MTBB1_METBA	Dimethylamine methyltransferase MtbB1 (DMA methyltransferase 1) (DMAMT 1) (EC 2.1.1.249) (Dimethylamine--corrinoid protein methyltransferase 1)	mtbB1	Methanosarcina barkeri	2208	467	MATEYALRMGDGKRVYLTKEKIVSEIEAGTADAADLGEIPALSANEMDKLAEILMMPGKTVSVEQGMEIPVTHDIGTIRLDGDQGNSGVGIPSSRLVGCMTHERAFGADTMELGHIDYSFKPVKPVVSNECQAMEVCQQNMVIPLFYGAMPNMGLYYTPDGPFENPGDLMKAFKIQEAWESMEHAAEHLTRDTVWVMQKLFASGADGVNFDTTGAAGDGDMYGTLHAIEALRKEFPDMYIEAGMAGECVLGMHGNLQYDGVTLAGLWPHQQAPLVAKAGANVFGPVCNTNTSKTSAWNLARAVTFMKAAVEASPIPCHVDMGMGVGGIPMLETPPIDAVTRASKAMVEIAGVDGIOIGVGDPLGMPIAHIMASGMTGMRAAGDLVARMEFSKNMRIGEAKEYVAKKLGVDKMDLVDEHVMRELREELDIGIITSVPGAAKGIAAKMNIEKLLDIKINSCNLFRKQIA		Dimethylamine methyltransferase family					SIMILARITY: Belongs to the dimethylamine methyltransferase family. {ECO:0000305}.	2.1.1.249	RHEA:41175	CATALYTIC ACTIVITY: Reaction=Co(I)-[dimethylamine-specific corrinoid protein] + dimethylamine + H(+) = methyl-Co(III)-[dimethylamine-specific corrinoid protein] + methylamine; Xref=Rhea:RHEA:41175, Rhea:RHEA-COMP:11122, Rhea:RHEA-COMP:11123, ChEBI:CHEBI:15378, ChEBI:CHEBI:58040, ChEBI:CHEBI:59338, ChEBI:CHEBI:85033, ChEBI:CHEBI:85035; EC=2.1.1.249; Evidence={ECO:0000269|PubMed:10852929};	FUNCTION: Catalyzes the transfer of a methyl group from dimethylamine to the corrinoid cofactor of MtbC (PubMed:10852929). The major or perhaps only DMA methyltransferase expressed under inducing conditions (PubMed:16096277). {ECO:0000269|PubMed:10852929, ECO:0000269|PubMed:16096277}.	10.1128/jb.182.9.2520-2529.2000; 10.1074/jbc.m910218199; 10.1074/jbc.m506402200	OTHER
P56707	SMTA_ASTBI	Selenocysteine methyltransferase (SECYS-MT) (SECYS-methyltransferase) (EC 2.1.1.280)	SMTA	Astragalus bisulcatus (Two-grooved milkvetch) (Phaca bisulcata)	20406	338	MSSPLITDFLHQAGRAAVIAGGLGTELQRHGADLNDPLWSAKCLLSCPHLIRQVHLDYLENGADIIITASYQATIQGFKAKGFSDEEGEALLRRSVEIAREARDLYYQRCAESSSDNGDDSRILKQRPILIAGSVGSYGAYLADGSEFSGNYGDAIKSETLKDFHRRKVQILADSGVDLLAFEAVPNKLEAQAYADLLEEENIITPAWFAFTSKDGNNVVSGDSIEECGSIAESCDKVVAVGINCTPPRFIHDLILLLKKVTAKPIVIYPNSGETYDAIRKEWGQNSGVTDEDFVSYVDKWCESGASLVGGCCRTTPDTIRGIYKILSSGQSPTFSAK						"DOMAIN 1..327; /note=""Hcy-binding""; /evidence=""ECO:0000255|PROSITE-ProRule:PRU00333"""		2.1.1.280	RHEA:26341	CATALYTIC ACTIVITY: Reaction=S-methyl-L-methionine + L-selenocysteine = Se-methyl-L-selenocysteine + L-methionine + H(+); Xref=Rhea:RHEA:26341, ChEBI:CHEBI:15378, ChEBI:CHEBI:57843, ChEBI:CHEBI:57844, ChEBI:CHEBI:58252, ChEBI:CHEBI:58531; EC=2.1.1.280; Evidence={ECO:0000269|PubMed:8706715};	FUNCTION: Catalyzes the methylation of selenocysteine with S-methylmethionine as donor. Does not methylate cysteine.	10.1074/jbc.274.9.5407; 10.1111/j.1432-1033.1996.0235u.x	OTHER
Q46EH3	MTAB_METBF	Methanol--corrinoid protein co-methyltransferase (EC 2.1.1.90) (Methanol:corrinoid methyltransferase 1 subunit of 50 kDa) (MT1 subunit 50 kDa)	mtaB Mbar_A0741	Methanosarcina barkeri (strain Fusaro / DSM 804)	269797	461	MAAKRYTSMAYANADEMTFGVSKYPVKAGLDLEIGAGYTIPEINYAPRPEAGASKEKLIKEYERITTDVMERMVQVGFPAIILETEHVQQMSNNPSWGAEVAHAQKTIMEKYHDEYGIKCALRHTIGDIRENREFLQLRGDKYSVFLEAFEQCAENGADLLSVESMGGKEVFDYAVLRNDIPGLLYSIGCLGSIDMELIWTDISKIAKKTGTISAGDTDCAQANTAMFIGGGLLNKNLAHTIAVIARAISAPRSLVAYEAGAVGPGKDCGYENIIVKAITGMPMTMEGKTSTCAHSDVMGNLVMQCCDCWSNESVEYHGEFGGTTVQCWSETLAYDCALMNTALETKNDKVLRDLMMLSDRYRDPQAYMLAYDNAYRVGQSIVKDGDNIYLRAKNAAIECCNIIEEGAAGKLELSRFETKALADAKAALEALPDDMDKFMDDCLTKYKSEVKVFKPENYGF	X-ray crystallography (1)	MtaB family					SIMILARITY: Belongs to the MtaB family. {ECO:0000305}.	2.1.1.90	RHEA:45204	CATALYTIC ACTIVITY: Reaction=Co(I)-[methanol-specific corrinoid protein] + methanol + H(+) = methyl-Co(III)-[methanol-specific corrinoid protein] + H2O; Xref=Rhea:RHEA:45204, Rhea:RHEA-COMP:17570, Rhea:RHEA-COMP:17571, ChEBI:CHEBI:15377, ChEBI:CHEBI:15378, ChEBI:CHEBI:16379, ChEBI:CHEBI:17790, ChEBI:CHEBI:60494; EC=2.1.1.90; Evidence={ECO:0000269|PubMed:9057830, ECO:0000269|PubMed:9363780};	FUNCTION: Methyltransferase involved in methanogenesis in the methanol pathway. Catalyzes the methylation of the MtaC-bound cob(I)amide. {ECO:0000269|PubMed:9057830, ECO:0000269|PubMed:9363780}.	10.1111/j.1432-1033.1997.t01-1-00670.x; 10.1128/jb.00810-06; 10.1128/jb.160.2.629-635.1984; 10.1111/j.1432-1033.1997.t01-1-00280.x; 10.1073/pnas.0603650103	OTHER
Q4VNK0	SMTA_BRAOT	Selenocysteine Se-methyltransferase (BoSMT) (EC 2.1.1.280)	SMT	Brassica oleracea var. italica (Broccoli)	36774	346	MVTGNTKAETFYSMKELLKETGGYAIIDGGLATELERHGADLNDPLWSAKCLLTSPHLIHTVHLDYLEAGADIISSASYQATIQGFEAKGYSIEKSESLLRKSVEIACEARSTYYDKCKDDDDKKILKKRPILVAASVGSYGAFLADGSEYSGIYGDLITLETLKDFHRRRVQVLAESGADIIAFETIPNKLEAQAFAELLDEGVAKIPGWFSFNSKDGVNVVSGDSIKECIAIAEACEKVVAVGINCTPPRFIEGLVLEIAKVTSKPILVYPNSGERYDPERKEWVENTGVGNEDFVSYVEKWMDAGVSLLGGCCRTTPTTIRAIHKRLVSRRSLFSSSSSSSHH						"DOMAIN 13..330; /note=""Hcy-binding""; /evidence=""ECO:0000255|PROSITE-ProRule:PRU00333"""		2.1.1.280	RHEA:26341	CATALYTIC ACTIVITY: Reaction=S-methyl-L-methionine + L-selenocysteine = Se-methyl-L-selenocysteine + L-methionine + H(+); Xref=Rhea:RHEA:26341, ChEBI:CHEBI:15378, ChEBI:CHEBI:57843, ChEBI:CHEBI:57844, ChEBI:CHEBI:58252, ChEBI:CHEBI:58531; EC=2.1.1.280; Evidence={ECO:0000269|PubMed:15863700, ECO:0000269|PubMed:17391716};	FUNCTION: Catalyzes the methylation of DL- and L-selenocysteine with S-methylmethionine as donor. Also methylates DL-homocysteine, DL- and L-cysteine in vitro. May be involved in selenium detoxification. {ECO:0000269|PubMed:15863700, ECO:0000269|PubMed:17391716}.	10.1104/pp.104.056549; 10.1016/j.phytochem.2007.02.007	OTHER
P0C0W5	MTBB1_METBF	Dimethylamine methyltransferase MtbB1 (DMA methyltransferase 1) (DMAMT 1) (EC 2.1.1.249) (Dimethylamine--corrinoid protein methyltransferase 1)	mtbB1 Mbar_A1506	Methanosarcina barkeri (strain Fusaro / DSM 804)	269797	467	MATEYALRMGDGKRIYLTKEKIIAEIEDGTANAADLGEIPALNANEMEKLAEILMMPGKTVSVEQGMEVPVTHDIGTIRLDGDQGNSGVGIPSSRLVGCMTHERAFGADTMELGHIDYSFKPVKPVVSNECQAMEVCQQNMIIPLFYGAMPNMGLYYTPDGPFENPGDLMKAFKIPEAWESMEHAAEHLTRDTVWVMQKLFASGADGVNFDTTGAAGDGDMYGTLHAIEALRKEFPDMYIEAGMAGECVLGMHGNLQYDGVTLAGLWPHQQAPLVAKAGANVFGPVCNTNTSKTSAWNLARAVTFMKAAVEASPIPCHVDMGMGVGGIPMLETPPIDAVTRASKAMVEIAGVDGIOIGVGDPMGMPIAHIMASGMTGMRAAGDLVARMEFSKNMRIGEAKEYVAKKLGVDQMDLVDEHVMRELREELDIGIITSVPGAAKGIAAKMNIEKLLDIKINSCNLFRKQIA		Dimethylamine methyltransferase family					SIMILARITY: Belongs to the dimethylamine methyltransferase family. {ECO:0000305}.	2.1.1.249	RHEA:41175	CATALYTIC ACTIVITY: Reaction=Co(I)-[dimethylamine-specific corrinoid protein] + dimethylamine + H(+) = methyl-Co(III)-[dimethylamine-specific corrinoid protein] + methylamine; Xref=Rhea:RHEA:41175, Rhea:RHEA-COMP:11122, Rhea:RHEA-COMP:11123, ChEBI:CHEBI:15378, ChEBI:CHEBI:58040, ChEBI:CHEBI:59338, ChEBI:CHEBI:85033, ChEBI:CHEBI:85035; EC=2.1.1.249; Evidence={ECO:0000269|PubMed:9654067};	FUNCTION: Catalyzes the transfer of a methyl group from dimethylamine to the corrinoid cofactor of MtbC. {ECO:0000269|PubMed:9654067}.	10.1128/jb.00810-06; 10.1046/j.1432-1327.1998.2530692.x	OTHER
P0C0W6	MTBB2_METBF	Dimethylamine methyltransferase MtbB2 (DMA methyltransferase 2) (DMAMT 2) (EC 2.1.1.249) (Dimethylamine--corrinoid protein methyltransferase 2)	mtbB2 Mbar_A3605	Methanosarcina barkeri (strain Fusaro / DSM 804)	269797	467	MATEYALRMGDGKRVFLTKEKIMAEIEAGTANAADLGDIPALNDNEMDKLAEILMMPGKTVSVEQGMEIPVTHDIGTIRLDGDQGNSGVGIPSSRLVGCMMHERAFGADTMELGHIDYSFKPVKPVVSNECQAMEVCQQNMIIPLFYGAMPNMGLYYTPDGPFENPGDLMKLFKIDKAKESMEHAAEHLTRDTVWVMQKLFASGADGVNFDTTGAAGDGDMYGTLYAIQALRKEFPDMYIEAGMAGEMVLGMHGELEYDGVRLAGSWPHEQAPLIAKAGANVFGPVCNTNTSKTSAWNLARAVTFIKAAVEASPIPCHVNMGMGVGGIPMLETPPIDAVTRASKAMVEIAGVDGIOIGVGDPMGMPISHIMASGMTGIRAAGDLVARMEFSKNMRIGEAKEYVAKKLGVDKMDLVDEHVMRELREELDIGIITSVPGAAKGIAAKMNIEKLLDIKINSCNLFRKQIA		Dimethylamine methyltransferase family					SIMILARITY: Belongs to the dimethylamine methyltransferase family. {ECO:0000305}.	2.1.1.249	RHEA:41175	CATALYTIC ACTIVITY: Reaction=Co(I)-[dimethylamine-specific corrinoid protein] + dimethylamine + H(+) = methyl-Co(III)-[dimethylamine-specific corrinoid protein] + methylamine; Xref=Rhea:RHEA:41175, Rhea:RHEA-COMP:11122, Rhea:RHEA-COMP:11123, ChEBI:CHEBI:15378, ChEBI:CHEBI:58040, ChEBI:CHEBI:59338, ChEBI:CHEBI:85033, ChEBI:CHEBI:85035; EC=2.1.1.249; Evidence={ECO:0000269|PubMed:9654067};	FUNCTION: Catalyzes the transfer of a methyl group from dimethylamine to the corrinoid cofactor of MtbC. {ECO:0000269|PubMed:9654067}.	10.1128/jb.00810-06; 10.1046/j.1432-1327.1998.2530692.x	OTHER
P0DX06	MTCB_EUBLI	L-carnitine:corrinoid methyltransferase (EC 2.1.1.383) (Cobalamin-dependent carnitine demethylase) (L-carnitine methyltransferase) (L-carnitine--corrinoid protein Co-methyltransferase)	mtcB B2M23_04725	Eubacterium limosum	1736	486	MIRNSLTDVFFAKDDVENLHEGVLRVLSKVGVKIENDEALGIFEQHGARVENGTVYIGEVLLNKALQTVPANFELQGFDRTVQVGLDHDPVVIPTNGTPMVLNFDGSYSDTNTDDLVNFYKLIDTSDVMQVTSEIAVDVPGLDKTKDSLLAQTALLMKYSHKPIYNILGATIHNYKKGSVAQGVRENIQFAKKYYGYDDKYVIYSGTCVISPLGVGWEAMDHFMGFIKENQPISITACSMTNLTAPGSLYGSVVEDAAAILSIVVLSQLMNPGLPVLYTSLSSMSDMRYVQLCMGAPEFALITLGHIALANFYKIPVRVGGALGDAFKADYQAGVESFVGLMAPMLSQSAMIPHGCGTMGSFNLTSYEKFIMDEETIRYLMRLRRGFEVSDKRKEKALKDITKVGPRGNFLGGRTPKEYREDNYLASEVFNRKGCKENTREEQGDIRDRARKVYDARMEAYELPDTTLEQKKLLNTELPEQYKFDI		Trimethylamine methyltransferase family					SIMILARITY: Belongs to the trimethylamine methyltransferase family. {ECO:0000305}.	2.1.1.383	RHEA:69384	CATALYTIC ACTIVITY: Reaction=Co(I)-[quaternary-amine-specific corrinoid protein] + (R)-carnitine + H(+) = (3R)-4-(dimethylamino)-3-hydroxybutanoate + methyl-Co(III)-[quaternary-amine-specific corrinoid protein]; Xref=Rhea:RHEA:69384, Rhea:RHEA-COMP:17694, Rhea:RHEA-COMP:17695, ChEBI:CHEBI:15378, ChEBI:CHEBI:16347, ChEBI:CHEBI:85033, ChEBI:CHEBI:85035, ChEBI:CHEBI:183234; EC=2.1.1.383; Evidence={ECO:0000269|PubMed:32571881}; PhysiologicalDirection=left-to-right; Xref=Rhea:RHEA:69385; Evidence={ECO:0000269|PubMed:32571881};	FUNCTION: Involved in the degradation of the quaternary amine L-carnitine (PubMed:32571881). Component of a corrinoid-dependent methyltransferase system that transfers a methyl group from L-carnitine to tetrahydrofolate (THF), forming methyl-THF, a key intermediate in the Wood-Ljungdahl acetogenesis pathway (PubMed:32571881). MtcB catalyzes the methylation of the corrinoid protein MtqC, using L-carnitine as the methyl donor (PubMed:32571881). L-carnitine demethylation generates the unusual biological product norcarnitine, which is likely degraded by other members of the gut microbiota (PubMed:32571881). In vitro, can methylate free cob(I)alamin (PubMed:32571881). {ECO:0000269|PubMed:32571881}.	10.1038/s41598-017-14123-3; 10.1074/jbc.ra120.012934	OTHER
P58969	MTMB_METMA	Monomethylamine methyltransferase MtmB (MMA methyltransferase) (MMAMT) (EC 2.1.1.248)	mtmB1 MM_1436/MM_1437; mtmB2 MM_3335/MM_3336	Methanosarcina mazei (strain ATCC BAA-159 / DSM 3647 / Goe1 / Go1 / JCM 11833 / OCM 88) (Methanosarcina frisia)	192952	458	MTFRKSFDCYDFYDRAKVGEKCTQDDWDLMKIPMKAMELKQKYGLDFKGEFVPTDKDMMEKLFQAGFEMLLECGIYCTDTHRIVKYTEDEIWDAINNVQKEFTLGTGRDAVNVRKRSVGDKRKPIVQGGPTGSPISEEVFMPVHMSYALEREVDTIVDGVMTSVRGKAPIPGSPYEVLAAKTETRLIKQACAMAGRPGMGIOGPETSLSAQGNISSDCMGGQISSDSHEVSQLNELKIDLDAIAVIAHYKGNSDIIMDEQMPIFGGYAGGIEETTIVDIATHINAFVMSSASWHLDGPVHIRWGSTNTRETLTIAGWACATISEFTDMLSGNQYYPCAGPCTEMCLLEASAQSITDTASGREILSGVASAKGVVTDKTTGMEARMMGEVARATAGMEISEVNKVLNALVPLYEKNYATAPAGKTFQECYDVKTITPTEEYMQVYDGARKKLEDLGLVF		Monomethylamine methyltransferase family					SIMILARITY: Belongs to the monomethylamine methyltransferase family. {ECO:0000305}.	2.1.1.248	RHEA:26059	CATALYTIC ACTIVITY: Reaction=Co(I)-[methylamine-specific corrinoid protein] + methylamine + H(+) = methyl-Co(III)-[methylamine-specific corrinoid protein] + NH4(+); Xref=Rhea:RHEA:26059, Rhea:RHEA-COMP:11120, Rhea:RHEA-COMP:11121, ChEBI:CHEBI:15378, ChEBI:CHEBI:28938, ChEBI:CHEBI:59338, ChEBI:CHEBI:85033, ChEBI:CHEBI:85035; EC=2.1.1.248;	FUNCTION: Catalyzes the transfer of the methyl group from monomethylamine to the corrinoid cofactor of MtmC. {ECO:0000250}.		OTHER
P58973	MTTB1_METMA	Trimethylamine methyltransferase MttB1 (TMA methyltransferase 1) (EC 2.1.1.250) (Trimethylamine--corrinoid protein methyltransferase 1)	mttB1 MM_1688/MM_1689	Methanosarcina mazei (strain ATCC BAA-159 / DSM 3647 / Goe1 / Go1 / JCM 11833 / OCM 88) (Methanosarcina frisia)	192952	495	MAKCNAVAGFNALNGVQLNLFTTDELKAIHYATMEVLMDPGIQVSDPEARQIFKENGCEVNEQTNVVKIPEYLVRRALQLAPSRFVLWGRDKKYNTVQEAGGKVHWTCFGTGVKMCKYQEGKYVTVDSVEQDIADIAKLCDWAENIDYFSLPVSARDIAGQGAQDVHETFTPLTNTAKHFHHIDPVGENVEYYRDIVNAYYGGDEEEARKKPIFSMLLCPTSPLELSVNACQVIIKGARFGMPVNVLSMAMSGGSSPVYLAGTLVTHNAEVLAGITLAQLTVPGAKVWYGSSTTTFDLKKGTAPVGSPELGLISASVAKLAQFYGLPAFVAGTOSDAKIPDNQAGHEKTMTCLLPALAGANTLYGAGMLELGMTFSMEQLVIDNDIIKMTKKALQGVPVNEETLAVESIQKVGIGNNFLALKQTRQLVNYPSDPMLIDRRMFGDWAAAGSKDLAAAAHEKVVDVLKNHVVKPIDADILKDMKAVVDKADKAFRGM		Trimethylamine methyltransferase family					SIMILARITY: Belongs to the trimethylamine methyltransferase family. {ECO:0000305}.	2.1.1.250	RHEA:39287	CATALYTIC ACTIVITY: Reaction=Co(I)-[trimethylamine-specific corrinoid protein] + trimethylamine + H(+) = methyl-Co(III)-[trimethylamine-specific corrinoid protein] + dimethylamine; Xref=Rhea:RHEA:39287, Rhea:RHEA-COMP:11124, Rhea:RHEA-COMP:11126, ChEBI:CHEBI:15378, ChEBI:CHEBI:58040, ChEBI:CHEBI:58389, ChEBI:CHEBI:85033, ChEBI:CHEBI:85035; EC=2.1.1.250;	FUNCTION: Catalyzes the transfer of a methyl group from trimethylamine to the corrinoid cofactor of MttC. {ECO:0000250}.		OTHER
P58974	MTTB2_METMA	Trimethylamine methyltransferase MttB2 (TMA methyltransferase 2) (EC 2.1.1.250) (Trimethylamine--corrinoid protein methyltransferase 2)	mttB2 MM_2048/MM_2049	Methanosarcina mazei (strain ATCC BAA-159 / DSM 3647 / Goe1 / Go1 / JCM 11833 / OCM 88) (Methanosarcina frisia)	192952	495	MAQNNAVAGFNALNGVELSLFTTDELKAIHYATMEVLMNPGVQVSDPEARQIFKENGCEVDEKTSIVKIPEYLVRRALQLAPSRFVLWGRDKKYNTVQEAGGKVHWTCFGTGVKMCKYQDGKYVTVDSVEQDIADIAKLCDWAENIDYFSLPVSARDWAGKGAQDVHETLTPIANTAKHYHHIDPVGEHVDYYRDIVKAYYGGDEEEARKKPIFSMLLCPTSPLELSVNACQVIIRGARFGMPVNVLSMAMSGGSSPVYLAGTLVTHNAEVLSGIVLAQLTVPGAKVWYGSSTTTFDLKKGTAPVGSPELGLISAAVAKLAQFYGLPSYVAGTOSDAKIPDNQAGHEKTMTCLLPALAGANTIYGAGMLELGMTFSMEQLVIDNDIIKMVKKAMQGIPVSPETLAVESIQKVGIGNNFLALKQTRMLVDYPSSPMLIDRRMFGDWAASGSKDLAAVANEKVQDILKNHQVPPVDADILKDMQAIVDKADRAFKEG		Trimethylamine methyltransferase family					SIMILARITY: Belongs to the trimethylamine methyltransferase family. {ECO:0000305}.	2.1.1.250	RHEA:39287	CATALYTIC ACTIVITY: Reaction=Co(I)-[trimethylamine-specific corrinoid protein] + trimethylamine + H(+) = methyl-Co(III)-[trimethylamine-specific corrinoid protein] + dimethylamine; Xref=Rhea:RHEA:39287, Rhea:RHEA-COMP:11124, Rhea:RHEA-COMP:11126, ChEBI:CHEBI:15378, ChEBI:CHEBI:58040, ChEBI:CHEBI:58389, ChEBI:CHEBI:85033, ChEBI:CHEBI:85035; EC=2.1.1.250;	FUNCTION: Catalyzes the transfer of a methyl group from trimethylamine to the corrinoid cofactor of MttC. {ECO:0000250}.		OTHER
Q24SP7	MTGB_DESHY	Glycine betaine methyltransferase (GB methyltransferase) (EC 2.1.1.376) (Glycine betaine--corrinoid protein Co-methyltransferase) (Glycine betaine:cob(I)alamin methyltransferase) (Glycine betaine:corrinoid methyltransferase)	mtgB DSY3156	Desulfitobacterium hafniense (strain Y51)	138119	479	MGQLLPKYNILTEDQVQKIHENTMKILEEIGIEFEYEPALEVFRREGQKVEGKRVYLTREFVESKLKSAPAEFTLHARNPENNVVIGGDNIVFMPGYGAPFIYELDGSRRKTTLQDYENFAKLAGASKNMHLSGGTMAEPQDIPDGVRHLQMLYSSIKNSDKCFMGSAEGKERAEDSVEIAAILFGGKDVIKEKPVLVSLINSLTPLKYDERMLGALMAYAEAGQAVIIASLVMAGSTGPASLAGTLSLQNAEVLAGISLAQSINPGTPVIYGSTSALSDMRSGSLSIGSPECALFISASAQLARFYGVPSRSGGGLNDSKTVDAQAGYESMMTLMAANLTGVNFVLHTAGILQYFMAMSYEKFIMDDEIAGMLLHYMKGYTFDEDGMAFDVIEKVGPGGHFLTQKHTRKNHKREFYTPTLSDRSAYDTWAKEKLETKQRAHARWQQILANYVPPALDPEIDAKLQAFIAQRGKEVGEE	X-ray crystallography (1)	Trimethylamine methyltransferase family					SIMILARITY: Belongs to the trimethylamine methyltransferase family. {ECO:0000305}.	2.1.1.376	RHEA:65996	CATALYTIC ACTIVITY: Reaction=Co(I)-[glycine betaine-specific corrinoid protein] + glycine betaine + H(+) = methyl-Co(III)-[glycine betaine-specific corrinoid protein] + N,N-dimethylglycine; Xref=Rhea:RHEA:65996, Rhea:RHEA-COMP:16947, Rhea:RHEA-COMP:16948, ChEBI:CHEBI:15378, ChEBI:CHEBI:17750, ChEBI:CHEBI:58251, ChEBI:CHEBI:85033, ChEBI:CHEBI:85035; EC=2.1.1.376; Evidence={ECO:0000269|PubMed:25313086};	FUNCTION: Methyltransferase able to methylate free cob(I)alamin in vitro, using glycine betaine as the methyl donor, yealding methylcobalamin (methylCbl) and dimethylglycine. In vivo, probably carries out the methylation of a corrinoid protein, likely the adjacently encoded DSY3155, with glycine betaine, to then supply methyl groups to tetrahydrofolate (THF) for ultimate conversion to carbon dioxide; oxidation of the methyl group would also provide reducing equivalents for anaerobic respiration. Thus, may function in the pathway that allows anaerobic methylotrophic growth of D.hafniense using glycine betaine. Cannot use quaternary amines such as carnitine and choline as substrates, nor tertiary amines such as dimethylglycine or trimethylamine. {ECO:0000269|PubMed:25313086}.	10.1128/jb.188.6.2262-2274.2006; 10.1073/pnas.1409642111	OTHER
Q8TTA9	MTTB1_METAC	Trimethylamine methyltransferase MttB1 (TMA methyltransferase 1) (EC 2.1.1.250) (Trimethylamine--corrinoid protein methyltransferase 1)	mttB1 MA_0528	Methanosarcina acetivorans (strain ATCC 35395 / DSM 2834 / JCM 12185 / C2A)	188937	495	MAKNNAVAGFNALNGVELNLFTTDELKAIHYATMDVLMNPGVQVSDPEARQIFKENGCEVDEKTNVVKIPEYLVRRALQLAPSRFVLWGRDKKFNTVQECGGKVHWTCFGTGVKMCKYQDGKYVTVDSVEQDIADIAKLCDWAENIDYFSLPVSARDIAGQGAQDVHETLTPIANTAKHYHHIDPVGENVEYYRDIVTAYYGGDEEEARKKPIFSMLLCPTSPLELSVNACQVIIKGARFGMPVNVLSMAMSGGSSPVYLAGTLVTHNAEVLAGITLAQLTVPGTKVWYGSSTTTFDLKKGTAPVGSPELGLISASVAKLAQFYGLPAFVAGTOSDAKIPDNQAGHEKTMTCLLPALAGANTLYGAGMLELGMTFSMEQLVIDNDIIKMTKKALQGVPVNEETLAVESIQKVGIGNNFLALKQTRQLVNYPSDPMLIDRRMFGDWAAAGSKDLASAAHDKVVDVLKNHVVKPIDADILKDMQAVVDRADKAFRGM		Trimethylamine methyltransferase family					SIMILARITY: Belongs to the trimethylamine methyltransferase family. {ECO:0000305}.	2.1.1.250	RHEA:39287	CATALYTIC ACTIVITY: Reaction=Co(I)-[trimethylamine-specific corrinoid protein] + trimethylamine + H(+) = methyl-Co(III)-[trimethylamine-specific corrinoid protein] + dimethylamine; Xref=Rhea:RHEA:39287, Rhea:RHEA-COMP:11124, Rhea:RHEA-COMP:11126, ChEBI:CHEBI:15378, ChEBI:CHEBI:58040, ChEBI:CHEBI:58389, ChEBI:CHEBI:85033, ChEBI:CHEBI:85035; EC=2.1.1.250;	FUNCTION: Catalyzes the transfer of a methyl group from trimethylamine to the corrinoid cofactor of MttC. {ECO:0000250}.	10.1101/gr.223902	OTHER
Q9P9L4	MTMB2_METBA	Monomethylamine methyltransferase MtmB2 (MMA methyltransferase 2) (MMAMT 2) (EC 2.1.1.248)	mtmB2	Methanosarcina barkeri	2208	458	MTFRKYFDCYDFYDRAKVGEKCTLDDWDLMKIPMKAMELKQKYGLDFKGEFIPTDKDMMEKLFKAGFEMLLECGIYCTDTHRIVKYTEDEIWDAINNVQKEFVLGTGRDAVNVRKRSVGDKAKPIVQGGPTGSPISEDVFMPVHMSYALEKEVDTIVNGVMTTVRGKAPIPKSPYEVLAAKTETRLIKNACAMAGRPGMGVOGPETSLSAQGNISADCAGGMTCTDSHEVSQLCELKIDLDAISVIAHYTANSDIIMDEQMPIFGGYAGGIEETTIVDVATHINAVLMSSASWHLDGPVHIRWGSTNTRETLMIAGWACATISEFTDILSGNQYYPCAGPCTEMCLLEASAQSITDTASGREILSGVASAKGVVTDKTTGMEARMMGEVARATAGVEISEVNVILDKLVALYEKNYASAPAGKTFQECYDVKTVTPTDEYMQVYDGARKKLEDLGLVF		Monomethylamine methyltransferase family					SIMILARITY: Belongs to the monomethylamine methyltransferase family. {ECO:0000305}.	2.1.1.248	RHEA:26059	CATALYTIC ACTIVITY: Reaction=Co(I)-[methylamine-specific corrinoid protein] + methylamine + H(+) = methyl-Co(III)-[methylamine-specific corrinoid protein] + NH4(+); Xref=Rhea:RHEA:26059, Rhea:RHEA-COMP:11120, Rhea:RHEA-COMP:11121, ChEBI:CHEBI:15378, ChEBI:CHEBI:28938, ChEBI:CHEBI:59338, ChEBI:CHEBI:85033, ChEBI:CHEBI:85035; EC=2.1.1.248;	FUNCTION: Catalyzes the transfer of the methyl group from monomethylamine to the corrinoid cofactor of MtmC (MtmC1 or MtmC2). {ECO:0000250}.		OTHER
P0C0W3	MTMB2_METBF	Monomethylamine methyltransferase MtmB2 (MMA methyltransferase 2) (MMAMT 2) (EC 2.1.1.248)	mtmB2 Mbar_A0846	Methanosarcina barkeri (strain Fusaro / DSM 804)	269797	458	MTFRKSFDCYDFYDRAKVGEKCTQDDWDLMKIPMKAMELKQKYGLDFKGEFIPTDKDMMEKLFKAGFEMLLECGIYCTDTHRIVKYTEDEIWDAINNVQKEFVLGTGRDAVNVKKRSVGDKAKPIVQGGPTGSPISEDVFMPVHMSYALEKEVDTIVNGVMTSVRGKAPVPKSPYEVLAAKTETRLIKNACAMAGRPGMGVOGPETSLSAQGNISADCAGGMTCTDSHEVSQLNELKIDLDAISVIAHYKGNSDIIMDEQMPIFGGYAGGIEETTIVDVATHINAVIMSSASWHLDGPVHIRWGSTNTRETLTIAGWACATISEFTDILSGNQYYPCAGPCTEMCLLEASAQSITDTASGREILSGVASAKGVVTDKTTGMEARMMGEVARATAGVEISEVNVILDKLVALYEKNYASAPAGKTFQECYDVKTVTPTEEYMQVYDGARKKLEDLGLVF		Monomethylamine methyltransferase family					SIMILARITY: Belongs to the monomethylamine methyltransferase family. {ECO:0000305}.	2.1.1.248	RHEA:26059	CATALYTIC ACTIVITY: Reaction=Co(I)-[methylamine-specific corrinoid protein] + methylamine + H(+) = methyl-Co(III)-[methylamine-specific corrinoid protein] + NH4(+); Xref=Rhea:RHEA:26059, Rhea:RHEA-COMP:11120, Rhea:RHEA-COMP:11121, ChEBI:CHEBI:15378, ChEBI:CHEBI:28938, ChEBI:CHEBI:59338, ChEBI:CHEBI:85033, ChEBI:CHEBI:85035; EC=2.1.1.248;	FUNCTION: Catalyzes the transfer of the methyl group from monomethylamine to the corrinoid cofactor of MtmC. {ECO:0000250}.	10.1128/jb.00810-06	OTHER
P0C0W4	MTMB3_METBF	Monomethylamine methyltransferase MtmB3 (MMA methyltransferase 3) (MMAMT 3) (EC 2.1.1.248)	mtmB3 Mbar_A3633	Methanosarcina barkeri (strain Fusaro / DSM 804)	269797	458	MTFRKSFDCYDFYDRAKVGEKCTLDDWDLMRIPMKAMELKQKYGLDFKGEFIPTDKDMMEKLFKAGFEMLLECGIYCTDTHRIVKYTEDEIWDAINNAQKEFVLGTGRDAVNVRKRSVGDKAKPIVQGGPTGSPISEDVFMPVHMSYALEKEVDTIVNGVMTTVRGKAPVPKSPYEVLAAKTETRLIKNACAMAGRPGMGVOGPETSLSAQGNISADCAGGMTCTDSHEVSQLCELKIDLDAISVIAHYNGNSDIIMDEQMPIFGGYAGGIEETTIVNIATHINSLVMSNASWHLDGPVHIRWGSTNTRETLTIAGWACATISEFTDILSGNQYYPCAGPCTEMCLLEASAQSITDTASGREILSGVASAKGVVTDKTTGMEARMMGEVARATAGVEISEVNVILDKLVALYEKNYASAPAGKTFQECYDVKTVTPTEEYMQVYDGARKKLEDLGLVF		Monomethylamine methyltransferase family					SIMILARITY: Belongs to the monomethylamine methyltransferase family. {ECO:0000305}.	2.1.1.248	RHEA:26059	CATALYTIC ACTIVITY: Reaction=Co(I)-[methylamine-specific corrinoid protein] + methylamine + H(+) = methyl-Co(III)-[methylamine-specific corrinoid protein] + NH4(+); Xref=Rhea:RHEA:26059, Rhea:RHEA-COMP:11120, Rhea:RHEA-COMP:11121, ChEBI:CHEBI:15378, ChEBI:CHEBI:28938, ChEBI:CHEBI:59338, ChEBI:CHEBI:85033, ChEBI:CHEBI:85035; EC=2.1.1.248;	FUNCTION: Catalyzes the transfer of the methyl group from monomethylamine to the corrinoid cofactor of MtmC. {ECO:0000250}.	10.1128/jb.00810-06	OTHER
P0C0W7	MTTB_METBF	Trimethylamine methyltransferase MttB (TMA methyltransferase) (EC 2.1.1.250) (Trimethylamine--corrinoid protein methyltransferase)	mttB Mbar_A1502	Methanosarcina barkeri (strain Fusaro / DSM 804)	269797	495	MAKNNAVAGFNALNGVELNLFTTDELKAIHYATMEVLMDPGIQVSDPEARQIFKENGCEVDEKTNVVKIPEYLVRKALQLAPSRFILWGRDKKFNTVQECGGKVHWTCFGTGVKMCKYQDGKYVTVDSVEKDIADIAKLCDWAENIDYFSLPVSARDIAGQGAQDVHETLTPIANTAKHFHHIDPVGENVEYYRDIVKAYYGGDEEEARKKPIFSMLLCPTSPLELSVNACQVIIKGARYGIPVNVLSMAMSGGSSPVYLAGTLVTHNAEVLSGIVLAQLTVPGAKVWYGSSTTTFDLKKGTAPVGSPELGLISAAVAKLAQFYGLPSYVAGSOSDAKVPDDQAGHEKTMTTLLPALSGANTIYGAGMLELGMTFSMEQLVIDNDIFSMVKKAMKGIPVSEETLAVESIQKVGIGNNFLALKQTRQLVDYPSNPMLLDRHMFGDWAAAGSKDLATVAHEKVEDVLKNHQVTPIDADILKDMQAIVDKADKAFRGM		Trimethylamine methyltransferase family					SIMILARITY: Belongs to the trimethylamine methyltransferase family. {ECO:0000305}.	2.1.1.250	RHEA:39287	CATALYTIC ACTIVITY: Reaction=Co(I)-[trimethylamine-specific corrinoid protein] + trimethylamine + H(+) = methyl-Co(III)-[trimethylamine-specific corrinoid protein] + dimethylamine; Xref=Rhea:RHEA:39287, Rhea:RHEA-COMP:11124, Rhea:RHEA-COMP:11126, ChEBI:CHEBI:15378, ChEBI:CHEBI:58040, ChEBI:CHEBI:58389, ChEBI:CHEBI:85033, ChEBI:CHEBI:85035; EC=2.1.1.250;	FUNCTION: Catalyzes the transfer of a methyl group from trimethylamine to the corrinoid cofactor of MttC. {ECO:0000250}.	10.1128/jb.00810-06	OTHER
P58865	MTMB1_METAC	Monomethylamine methyltransferase MtmB1 (MMA methyltransferase 1) (MMAMT 1) (EC 2.1.1.248)	mtmB1 MA_0144	Methanosarcina acetivorans (strain ATCC 35395 / DSM 2834 / JCM 12185 / C2A)	188937	458	MTFRKSFDCYDFYDRAKVGEKCTQDDWDLMKIPMKAMELKQKYGLDFKGEFVPTDRDMMEKLFQAGFEMLLECGIYCTDTHRIVKYTEDEIWDAINNVQKEFTLGTGRDAVNVRKRSVGDKRKPIVQGGPTGSPISEDVFMPVHMSYALEKEVDTIVDGVMTSVRGKPPVPKSPYEVLAAKTEARLIKQACAMAGRPGMGIOGPETSLSAQGNISSDCVGGQISSDSHEVSQLNELKIDLDAIAVIAHYKGNSDIIMDEQMPIFGGYAGGIEETTIVDVATHINAFVMSSASWHLDGPVHIRWGSTNTRETLTIAGWACATISEFTDILSGNQYYPCAGPCTEMCLLEASAQSITDTASGREILSGVASAKGVVTDKTTGMEARMMGEVARATAGVEISEINKILDKLVALYEKNYANAPAGKTFQECYDVKTVTPTEEYMHVYDGARKKLEDLGLVF		Monomethylamine methyltransferase family					SIMILARITY: Belongs to the monomethylamine methyltransferase family. {ECO:0000305}.	2.1.1.248	RHEA:26059	CATALYTIC ACTIVITY: Reaction=Co(I)-[methylamine-specific corrinoid protein] + methylamine + H(+) = methyl-Co(III)-[methylamine-specific corrinoid protein] + NH4(+); Xref=Rhea:RHEA:26059, Rhea:RHEA-COMP:11120, Rhea:RHEA-COMP:11121, ChEBI:CHEBI:15378, ChEBI:CHEBI:28938, ChEBI:CHEBI:59338, ChEBI:CHEBI:85033, ChEBI:CHEBI:85035; EC=2.1.1.248;	FUNCTION: Catalyzes the transfer of the methyl group from monomethylamine to the corrinoid cofactor of MtmC. {ECO:0000250}.	10.1101/gr.223902	OTHER
P58866	MTMB2_METAC	Monomethylamine methyltransferase MtmB2 (MMA methyltransferase 2) (MMAMT 2) (EC 2.1.1.248)	mtmB2 MA_2972	Methanosarcina acetivorans (strain ATCC 35395 / DSM 2834 / JCM 12185 / C2A)	188937	458	MTFKKSFDCYDFYDRAKVGEKCTQDDWDLMKIPMKAMELKQKYGLDFKGEFVPTDRDMMEKLFQAGFEMLLECGIYCTDTHRIVKYTEDEIWDAINNVQKEFTLGTGRDAVNVRKRSVGDKRKPIVQGGPTGSPISEDVFMPVHMSYALEKEVDTIVNGVMTSVRGKPPVPKSPYEVLAAKTETRLIKQACAMAGRPGMAVOGPETSLSAQGNISADCAGGMQSTDSHEVSQLNELKIDLDAIAVIAHYNANSDIIMDEQMPIFGGYAGGIEETTIVDVATHINAFVMSNASWHLDGPVHIRWGSTNTRETLTIAGWACATISEFTDMLSGNQYYPCAGPGTEMCLLEASAQSITDTASGREILSGVASAKGVVTDKTTGMEARMMGEVARATAGAEITEINKILDKLVALYEKNYASAPAGKTFQECYDVKTVTPTEEYMQIYDGARKKLEELGLVF		Monomethylamine methyltransferase family					SIMILARITY: Belongs to the monomethylamine methyltransferase family. {ECO:0000305}.	2.1.1.248	RHEA:26059	CATALYTIC ACTIVITY: Reaction=Co(I)-[methylamine-specific corrinoid protein] + methylamine + H(+) = methyl-Co(III)-[methylamine-specific corrinoid protein] + NH4(+); Xref=Rhea:RHEA:26059, Rhea:RHEA-COMP:11120, Rhea:RHEA-COMP:11121, ChEBI:CHEBI:15378, ChEBI:CHEBI:28938, ChEBI:CHEBI:59338, ChEBI:CHEBI:85033, ChEBI:CHEBI:85035; EC=2.1.1.248;	FUNCTION: Catalyzes the transfer of the methyl group from monomethylamine to the corrinoid cofactor of MtmC. {ECO:0000250}.	10.1101/gr.223902	OTHER
P58970	MTBB1_METMA	Dimethylamine methyltransferase MtbB1 (DMA methyltransferase 1) (DMAMT 1) (EC 2.1.1.249) (Dimethylamine--corrinoid protein methyltransferase 1)	mtbB1 MM_2050/MM_2051	Methanosarcina mazei (strain ATCC BAA-159 / DSM 3647 / Goe1 / Go1 / JCM 11833 / OCM 88) (Methanosarcina frisia)	192952	468	MATEYALRMGDGKRVFLAREKIMEEIEAGTANAADLGEIPALSADEMNKLAEILMMPGKAVSVEHGMEIPVTHDIGTIRLDGDQGNSGVGIPSSRLVGCMMHERAFGADTMELGHIDYSFKPVKPVVANECQAMEVCQQNMIIPLFYGAMPNMGLYYTPDGPFENPGDLMKAFKIQEAWDSMEHAAEHLTRDTIWIMQKLFASGADGVNFDTTAAAGDGDFYGTLHAIEALRKEFPEMYIEAGMAGEMVLGMHGNLQYDGVTLAGLWPHQQAPLVAKAGANVFGPVVNTNTSKTSPWNLARAVTFIKEAVKVSSLPCHVDMGMGVGGIPMLETPPIDAVTRASKAMVEIAGVDGIOIGVGDPLGMPISHIMASGMTGMRAAGDLVARMQFSKNMKIKEAKEYVAKKLNVEIRDLADEYIMRELREELNIGVITSVPGSAKGIAAKMNIEKLLGIKINSCELFRKQTGK		Dimethylamine methyltransferase family					SIMILARITY: Belongs to the dimethylamine methyltransferase family. {ECO:0000305}.	2.1.1.249	RHEA:41175	CATALYTIC ACTIVITY: Reaction=Co(I)-[dimethylamine-specific corrinoid protein] + dimethylamine + H(+) = methyl-Co(III)-[dimethylamine-specific corrinoid protein] + methylamine; Xref=Rhea:RHEA:41175, Rhea:RHEA-COMP:11122, Rhea:RHEA-COMP:11123, ChEBI:CHEBI:15378, ChEBI:CHEBI:58040, ChEBI:CHEBI:59338, ChEBI:CHEBI:85033, ChEBI:CHEBI:85035; EC=2.1.1.249;	FUNCTION: Catalyzes the transfer of a methyl group from dimethylamine to the corrinoid cofactor of MtbC. {ECO:0000250}.		OTHER
P58971	MTBB2_METMA	Dimethylamine methyltransferase MtbB2 (DMA methyltransferase 2) (DMAMT 2) (EC 2.1.1.249) (Dimethylamine--corrinoid protein methyltransferase 2)	mtbB2 MM_2962/MM_2963	Methanosarcina mazei (strain ATCC BAA-159 / DSM 3647 / Goe1 / Go1 / JCM 11833 / OCM 88) (Methanosarcina frisia)	192952	467	MATEYALRMGDGKRIFLTKDKIMEELEAGMANASDLGEIPDLSGDEIDKLAEILMMPGKTVSVEQGMEVPVTHDIGTLRLDGDQGNSGVGIPSSRLVGCMMHERAFGADTMELGHIDYSYKPVKPVVANECQAMEVCQQNMIIPLFYGAMPNMGLYYTPDGPFENPGDLMKAFKIQEAWDSMEHAAAHLTRDTVWVMQKLFASGADGVNFDTTAAAGDADMYGTLHAIEALRKEFPDMYIEAGMAGECVLGMHGNLQYDGVTLAGLWPHQQAPLIAKAGANVFGPVCNTNTSKTSPWNLARAVNFMKAAVQASSIPCHVDMGMGVGGIPMLETPPIDAVTRASKAMVEIAGVDGIOIGVGDPLGMPISHIMASGMTGMRAAGDLVARMQFSKNMKIKEAKEYVAKKLNVETMDLADEYVMRELREELDIGVITSVPGAAKGIAAKMNIEKLLDVKINSCNLFRKQTR		Dimethylamine methyltransferase family					SIMILARITY: Belongs to the dimethylamine methyltransferase family. {ECO:0000305}.	2.1.1.249	RHEA:41175	CATALYTIC ACTIVITY: Reaction=Co(I)-[dimethylamine-specific corrinoid protein] + dimethylamine + H(+) = methyl-Co(III)-[dimethylamine-specific corrinoid protein] + methylamine; Xref=Rhea:RHEA:41175, Rhea:RHEA-COMP:11122, Rhea:RHEA-COMP:11123, ChEBI:CHEBI:15378, ChEBI:CHEBI:58040, ChEBI:CHEBI:59338, ChEBI:CHEBI:85033, ChEBI:CHEBI:85035; EC=2.1.1.249;	FUNCTION: Catalyzes the transfer of a methyl group from dimethylamine to the corrinoid cofactor of MtbC. {ECO:0000250}.		OTHER
P58972	MTBB3_METMA	Dimethylamine methyltransferase MtbB3 (DMA methyltransferase 3) (DMAMT 3) (EC 2.1.1.249) (Dimethylamine--corrinoid protein methyltransferase 3)	mtbB3 MM_1693/MM_1694	Methanosarcina mazei (strain ATCC BAA-159 / DSM 3647 / Goe1 / Go1 / JCM 11833 / OCM 88) (Methanosarcina frisia)	192952	467	MATEYALRMGDGKRIFLTKDKIIEELEAGMANASDLGEIPDLSGDEIDKLAEILMMPGKAVSVEQGMEVPVTHDIGTLRLDGDQGNSGVGIPSSRLVGCMMHERAFGADTMELGHIDYSYKPVKPVVANECQAMEVCQQNMIIPLFYGAMPNMGLYYTPDGPFENPGDLMKAFKIQEAWDSMEHAAAHLTRDTVWVMQKLFASGADGVNFDTTAAAGDADMYGTLHAIEALRKEFPDMYIEAGMAGECVLGMHGNLQYDGVTLAGLWPHQQAPLIAKAGANVFGPVCNTNTSKTSPWNLARAVNFMKAAVQASSIPCHVDMGMGVGGIPMLETPPIDAVTRASKAMVEIAGVDGIOIGVGDPLGMPISHIMASGMTGMRAAGDLVARMQFSKNMKIKEAKEYVAKKLNVETMDLADEYVMRELREELDIGVITSVPGAAKGIAAKMNIEKLLDVKINSCNLFRKQTR		Dimethylamine methyltransferase family					SIMILARITY: Belongs to the dimethylamine methyltransferase family. {ECO:0000305}.	2.1.1.249	RHEA:41175	CATALYTIC ACTIVITY: Reaction=Co(I)-[dimethylamine-specific corrinoid protein] + dimethylamine + H(+) = methyl-Co(III)-[dimethylamine-specific corrinoid protein] + methylamine; Xref=Rhea:RHEA:41175, Rhea:RHEA-COMP:11122, Rhea:RHEA-COMP:11123, ChEBI:CHEBI:15378, ChEBI:CHEBI:58040, ChEBI:CHEBI:59338, ChEBI:CHEBI:85033, ChEBI:CHEBI:85035; EC=2.1.1.249;	FUNCTION: Catalyzes the transfer of a methyl group from dimethylamine to the corrinoid cofactor of MtbC. {ECO:0000250}.		OTHER
Q12TR2	MTTB_METBU	Trimethylamine methyltransferase MttB (TMA methyltransferase) (EC 2.1.1.250) (Trimethylamine--corrinoid protein methyltransferase)	mttB Mbur_2308 Mbur_2309	Methanococcoides burtonii (strain DSM 6242 / NBRC 107633 / OCM 468 / ACE-M)	259564	497	MTNENLCAGRNRYDGVSIDFFSDADLRAIDSATMDVFQNPGIQVSDAESRALFKEAGCDVNEKTMVVKIPEHVVRRAIMTAPSKITLYGREKQHTFTQQAGGKVHYTCFGTGVKMCKYEAPGVFKTVDSTEEDLANTARVCDWADNIDSYSLAVSARDWAGKGAQDVHETFTPLMNTSKHFFHIDPVGENVEYYWDILKAYYGGDEEQARSRPIFSELLCPTSPLKIGTNACQLILKSVNFGIPINVISMAMSGASCPVHLAGTLVTHNAEVLSGIVLAQLASPGAKVWYGSSTTAFDLKHGTAPVGSPELGLISAAVAKLGQYYDLPTYVASTOTDAKVPDGQAGHEKTLTNLLPALAGANTLYGAGMLELGMTFSMEQLMIDNDIISMGKKVMKGIPVNDETLGLASIQKVGIGNNFLAHKETRDNINLVSSPDIFDRDMFGDWAAAGSKDIATVAHEKVTEILKNHEVTPIDSDLVRDMKAVVDRADADFRSSM		Trimethylamine methyltransferase family					SIMILARITY: Belongs to the trimethylamine methyltransferase family. {ECO:0000305}.	2.1.1.250	RHEA:39287	CATALYTIC ACTIVITY: Reaction=Co(I)-[trimethylamine-specific corrinoid protein] + trimethylamine + H(+) = methyl-Co(III)-[trimethylamine-specific corrinoid protein] + dimethylamine; Xref=Rhea:RHEA:39287, Rhea:RHEA-COMP:11124, Rhea:RHEA-COMP:11126, ChEBI:CHEBI:15378, ChEBI:CHEBI:58040, ChEBI:CHEBI:58389, ChEBI:CHEBI:85033, ChEBI:CHEBI:85035; EC=2.1.1.250;	FUNCTION: Catalyzes the transfer of a methyl group from trimethylamine to the corrinoid cofactor of MttC. {ECO:0000250}.	10.1038/ismej.2009.45	OTHER
Q18TV3	MTTB_DESHD	Trimethylamine methyltransferase MttB (TMA methyltransferase) (EC 2.1.1.250) (Trimethylamine--corrinoid protein methyltransferase)	Dhaf_4869	Desulfitobacterium hafniense (strain DSM 10664 / DCB-2)	272564	496	MARLRSMVQAGVARVEGFGLAGFSDEELYAIHTSTLEVLEYTGLKIESQEALEIFSEGGARVDFKTKVVKIPQYLVEDAIQSAPSTLVLAGRNPKNDIVLGGKRVGFINFGEGVSIIDPYTKEYRKTTRRDVANITRFCDAMDQMDAVLRPVAPQDIHPSVAVVHNAEVIFNNTSKHVFIGVEGGRNFKKVLKMAAAVAGGEDKLRERPLFSCNICPTSPLQIVNHASEVIIEGARAGIPVNMLSMGMSGATSAITLAGTLVTHNCEVLGAIVLSQLTSKGAPVLYGSSTTIMDMKNMTAPVGSPELGMINAGVAKLAQYYNLPSWVAGGOVDSKIPDAQASHEFTLTGFLTALAGANLIYGAGMLELGITFDYAQMLMDNEMARMIKKAVGGISVTDETLAVDVIKSVGTAGNFISEDHTYAHMRTQSQSKLVDRSMRENWLAAGAKDFTQRAYEEAISILENYTPEPLPEKIAATLRSIVEETEDEYGVARSLI		Trimethylamine methyltransferase family					SIMILARITY: Belongs to the trimethylamine methyltransferase family. {ECO:0000305}.	2.1.1.250	RHEA:39287	CATALYTIC ACTIVITY: Reaction=Co(I)-[trimethylamine-specific corrinoid protein] + trimethylamine + H(+) = methyl-Co(III)-[trimethylamine-specific corrinoid protein] + dimethylamine; Xref=Rhea:RHEA:39287, Rhea:RHEA-COMP:11124, Rhea:RHEA-COMP:11126, ChEBI:CHEBI:15378, ChEBI:CHEBI:58040, ChEBI:CHEBI:58389, ChEBI:CHEBI:85033, ChEBI:CHEBI:85035; EC=2.1.1.250;	FUNCTION: Catalyzes the transfer of a methyl group from trimethylamine to the corrinoid cofactor of MttC. {ECO:0000250}.	10.1186/1471-2180-12-21	OTHER
Q24MI3	MTTB_DESHY	Trimethylamine methyltransferase MttB (TMA methyltransferase) (EC 2.1.1.250) (Trimethylamine--corrinoid protein methyltransferase)	DSY4970/DSY4969	Desulfitobacterium hafniense (strain Y51)	138119	496	MARLRSMVQAGVARVEGFGLAGFSDEELYAIHTSTLEVLEYTGLKIESQEALEIFSEGGARVDFKTKVVKIPQYLVEDAIQSAPSTLVLAGRNPKNDIVLGGKRVGFINFGEGVSIIDPYTKEYRKTTRRDVANITRFCDAMDQMDAVLRPVAPQDIHPSVAVVHNAEVIFNNTSKHVFIGVEGGRNFKKVLKMAAAVAGGEDKLRERPLFSCNICPTSPLQIVNHASEVIIEGARAGIPVNMLSMGMSGATSAITLAGTLVTHNCEVLGAIVLSQLTSKGAPVLYGSSTTIMDMKNMTAPVGSPELGMINAGVAKLAQYYNLPSWVAGGOVDSKIPDAQASHEFTLTGFLTALAGANLIYGAGMLELGITFDYAQMLMDNEMARMIKKAVGGISVTDETLAVDVIKSVGTAGNFISEDHTYAHMRTQSQSKLVDRSMRENWLAAGAKDFTQRAYEEAISILENYTPEPLPEKIAATLRSIVEETEDEYGVARSLI		Trimethylamine methyltransferase family					SIMILARITY: Belongs to the trimethylamine methyltransferase family. {ECO:0000305}.	2.1.1.250	RHEA:39287	CATALYTIC ACTIVITY: Reaction=Co(I)-[trimethylamine-specific corrinoid protein] + trimethylamine + H(+) = methyl-Co(III)-[trimethylamine-specific corrinoid protein] + dimethylamine; Xref=Rhea:RHEA:39287, Rhea:RHEA-COMP:11124, Rhea:RHEA-COMP:11126, ChEBI:CHEBI:15378, ChEBI:CHEBI:58040, ChEBI:CHEBI:58389, ChEBI:CHEBI:85033, ChEBI:CHEBI:85035; EC=2.1.1.250;	FUNCTION: Catalyzes the transfer of a methyl group from trimethylamine to the corrinoid cofactor of MttC. {ECO:0000250}.	10.1128/jb.188.6.2262-2274.2006	OTHER
Q46E72	MTMB1_METBF	Monomethylamine methyltransferase MtmB1 (MMA methyltransferase 1) (MMAMT 1) (EC 2.1.1.248)	mtmB1 Mbar_A0843	Methanosarcina barkeri (strain Fusaro / DSM 804)	269797	458	MTFRKSFDCYDFYDRAKVGEKCTQDDWDLMKIPMKAMELKQKYGLDFKGEFIPTDKDMMEKLFKAGFEMLLECGIYCTDTHRIVKYTEDEIWDAINNVQKEFVLGTGRDAVNVKKRSVGDKAKPIVQGGPTGSPISEDVFMPVHMSYALEKEVDTIVNGVMTSVRGKAPVPKSPYEVLAAKTETRLIKNACAMAGRPGMGVOGPETSLSAQGNISADCAGGMTCTDSHEVSQLNELKIDLDAISVIAHYKGNSDIIMDEQMPIFGGYAGGIEETTIVDVATHINAVIMSSASWHLDGPVHIRWGSTNTRETLTIAGWACATISEFTDILSGNQYYPCAGPCTEMCLLEASAQSITDTASGREILSGVASAKGVVTDKTTGMEARMMGEVARATAGVEISEVNVILDKLVALYEKNYASAPAGKTFQECYDVKTVTPTEEYMQVYDGARKKLEDLGLVF		Monomethylamine methyltransferase family					SIMILARITY: Belongs to the monomethylamine methyltransferase family. {ECO:0000305}.	2.1.1.248	RHEA:26059	CATALYTIC ACTIVITY: Reaction=Co(I)-[methylamine-specific corrinoid protein] + methylamine + H(+) = methyl-Co(III)-[methylamine-specific corrinoid protein] + NH4(+); Xref=Rhea:RHEA:26059, Rhea:RHEA-COMP:11120, Rhea:RHEA-COMP:11121, ChEBI:CHEBI:15378, ChEBI:CHEBI:28938, ChEBI:CHEBI:59338, ChEBI:CHEBI:85033, ChEBI:CHEBI:85035; EC=2.1.1.248;	FUNCTION: Catalyzes the transfer of the methyl group from monomethylamine to the corrinoid cofactor of MtmC. {ECO:0000250}.	10.1128/jb.00810-06	OTHER
Q8TN68	MTBB3_METAC	Dimethylamine methyltransferase MtbB3 (DMA methyltransferase 3) (DMAMT 3) (EC 2.1.1.249) (Dimethylamine--corrinoid protein methyltransferase 3)	mtbB3 MA_2425	Methanosarcina acetivorans (strain ATCC 35395 / DSM 2834 / JCM 12185 / C2A)	188937	467	MATEYALRMGDGKRIYLTKEKILSEIEAGSSNAADLGDIPDLSTDEMKKLAEILMMPGKAVSVEQGMEVPVTHDIGTIRLDGDQGNSGVGIPSSRLVGCMTHERAFGADTMELGHIDYSFKPVKPVVSNECQAMEVCQQNMIIPLFYGAMPNMGLYYTPDGPFENPGDLMKMFKIDKARESMEHAADHLTRDTVWVMQKLFASGADGVNFDTTAAAGDADMYGTLRAVEVLRAQFPEMYIEVGMAGEMVLGMHGELEYDEVRLAGLWPHEQAPLIAKAGANVFGPVVNTNTSKTSAWNLARAVTFIKEAVKASPIPCHVNMGMGVGGIPMLETPPVDAVTRASKAMVEVAGVDGIOIGVGDPLGMPISHIMASGMTGIRAAGDLVARMEFSKNMRIGEAKEYVAKKLNVDTMDLADEHVMRELREELDIGVITSVPGAAKGIAAKMNIEKLLGIKINSCETFRAQLA		Dimethylamine methyltransferase family					SIMILARITY: Belongs to the dimethylamine methyltransferase family. {ECO:0000305}.	2.1.1.249	RHEA:41175	CATALYTIC ACTIVITY: Reaction=Co(I)-[dimethylamine-specific corrinoid protein] + dimethylamine + H(+) = methyl-Co(III)-[dimethylamine-specific corrinoid protein] + methylamine; Xref=Rhea:RHEA:41175, Rhea:RHEA-COMP:11122, Rhea:RHEA-COMP:11123, ChEBI:CHEBI:15378, ChEBI:CHEBI:58040, ChEBI:CHEBI:59338, ChEBI:CHEBI:85033, ChEBI:CHEBI:85035; EC=2.1.1.249;	FUNCTION: Catalyzes the transfer of a methyl group from dimethylamine to the corrinoid cofactor of MtbC. {ECO:0000250}.	10.1101/gr.223902	OTHER
Q8TS72	MTBB2_METAC	Dimethylamine methyltransferase MtbB2 (DMA methyltransferase 2) (DMAMT 2) (EC 2.1.1.249) (Dimethylamine--corrinoid protein methyltransferase 2)	mtbB2 MA_0933	Methanosarcina acetivorans (strain ATCC 35395 / DSM 2834 / JCM 12185 / C2A)	188937	468	MATEYALRMGDGKRIFLTKEKIREELEAGAANAADLGEIPALSGDEIDRLAEILMMPGKAVSVEQGMEVPVTHDIGTIRLDGDQGNSGVGIPSSRLVGCMMHERAFGADTMELGHIDYSFKPVKPVVSNECQAMEVCQQNMIIPLFYGAMPNMGLYYTPDGPFENPGDLMKAFKIQEAWESMEHAADHLTRDTVWIMQKLFASGADGVNFDTTAAAGDGDFYGTLHAVEALRKEFPAMHIEVGMAGEMVLGMHGNLQYEGVTLAGLWPHQQASLVAKAGANVFGPVVNTNTSKTSPWNLARAVTFIKEAVKVSSLPCHVDMGMGVGGIPMLETPPIDAVTRASKAMVEVAGVDGIOIGVGDPLGMPISHIMASGMTGIRAAGDLVARMQFSKNMRIKEAKKYVAKKLDVDVMDLADEHVMRELREELDIGVITSVPGAAKGIAAKMNIEKLLDVRINSCELFRKQTGR		Dimethylamine methyltransferase family					SIMILARITY: Belongs to the dimethylamine methyltransferase family. {ECO:0000305}.	2.1.1.249	RHEA:41175	CATALYTIC ACTIVITY: Reaction=Co(I)-[dimethylamine-specific corrinoid protein] + dimethylamine + H(+) = methyl-Co(III)-[dimethylamine-specific corrinoid protein] + methylamine; Xref=Rhea:RHEA:41175, Rhea:RHEA-COMP:11122, Rhea:RHEA-COMP:11123, ChEBI:CHEBI:15378, ChEBI:CHEBI:58040, ChEBI:CHEBI:59338, ChEBI:CHEBI:85033, ChEBI:CHEBI:85035; EC=2.1.1.249;	FUNCTION: Catalyzes the transfer of a methyl group from dimethylamine to the corrinoid cofactor of MtbC. {ECO:0000250}.	10.1101/gr.223902	OTHER
Q8TS73	MTTB2_METAC	Trimethylamine methyltransferase MttB2 (TMA methyltransferase 2) (EC 2.1.1.250) (Trimethylamine--corrinoid protein methyltransferase 2)	mttB2 MA_0932	Methanosarcina acetivorans (strain ATCC 35395 / DSM 2834 / JCM 12185 / C2A)	188937	495	MAQNNAVAGFSSLQGVELNLFTIDELKAIHYATMEVLMNPGVQVSDPEARQIFKENGCEVDEKTNVVKIPEYLVRRALQLAPSRFVLWGRDKKYNTVQEAGGKVHWTCFGTGVKMCKYQSGKYVTVDSVEQDIADIAKLCDWTENIDYFSLPVSARDWAGKGAQDVHETLTPIANTAKHYHHIDPVGENVEYYRDIVKAYYGGDEEEARKKPIFSMLLCPTSPLELSVNACQVIIKGARFGMPVNVLSMAMSGGSSPVYLAGTLVTHNAEVLSGIVLAQLTVPGAKVWYGSSTTTFDLKKGTAPVGSPELGLISAAVAKLAQFYGLPSYVAGTOADAKIPDNQTGHEKTMTCFLPALAGANTIYGAGMLELGMTFSMEQLVIDNDIIKMVKKAMQGIEVSPETLAVDSIQKVGIGNNFLALKQTRLLVNYPSDPMLIDRRMYGDWAASGSKDLAAVANEKVTDVLKHHEVPPIDTDILKDMQAIVDRADKAFKES		Trimethylamine methyltransferase family					SIMILARITY: Belongs to the trimethylamine methyltransferase family. {ECO:0000305}.	2.1.1.250	RHEA:39287	CATALYTIC ACTIVITY: Reaction=Co(I)-[trimethylamine-specific corrinoid protein] + trimethylamine + H(+) = methyl-Co(III)-[trimethylamine-specific corrinoid protein] + dimethylamine; Xref=Rhea:RHEA:39287, Rhea:RHEA-COMP:11124, Rhea:RHEA-COMP:11126, ChEBI:CHEBI:15378, ChEBI:CHEBI:58040, ChEBI:CHEBI:58389, ChEBI:CHEBI:85033, ChEBI:CHEBI:85035; EC=2.1.1.250;	FUNCTION: Catalyzes the transfer of a methyl group from trimethylamine to the corrinoid cofactor of MttC. {ECO:0000250}.	10.1101/gr.223902	OTHER
Q8TTA5	MTBB1_METAC	Dimethylamine methyltransferase MtbB1 (DMA methyltransferase 1) (DMAMT 1) (EC 2.1.1.249) (Dimethylamine--corrinoid protein methyltransferase 1)	mtbB1 MA_0532	Methanosarcina acetivorans (strain ATCC 35395 / DSM 2834 / JCM 12185 / C2A)	188937	467	MATEYALRMGDGKRVFLTKEKILEELEAGMANASDLGEIPDLSADEIDKLAEILMMPGKAVSVEQGMEVPVTHDIGTIRLDGDQGNSGVGIPSSRLVGCMTHERAFGADTMELGHIDYSFKPVKPVVSNECQAMEVCQQNMIIPLFYGAMPNMGLYYTPDGPFENPGDLMKAFKIQEAWESMEHAAEHLTRDTVWVMQKLFASGTDGVNFDTTAAAGDADMYGTLHAIEALRKEFPDMYIEAGMAGECVLGMHGNLQYDGVTLAGLWPHQQAPLVAKAGANVFGPVCNTNTSKTSAWNLARAVNFMKAAVQASPIPCHVDMGMGVGGIPMLETPPVDAVTRASKAMVEVAGVDGIOIGVGDPLGMPISHIMASGMTGIRAAGDLVARMQFSKNMRIGEAKEYVAKKLNVDVMDLADEHVMRELREELDIGVITSVPGAAKGIAAKMNIEKLLDIKINSCNLFRKQIQ		Dimethylamine methyltransferase family					SIMILARITY: Belongs to the dimethylamine methyltransferase family. {ECO:0000305}.	2.1.1.249	RHEA:41175	CATALYTIC ACTIVITY: Reaction=Co(I)-[dimethylamine-specific corrinoid protein] + dimethylamine + H(+) = methyl-Co(III)-[dimethylamine-specific corrinoid protein] + methylamine; Xref=Rhea:RHEA:41175, Rhea:RHEA-COMP:11122, Rhea:RHEA-COMP:11123, ChEBI:CHEBI:15378, ChEBI:CHEBI:58040, ChEBI:CHEBI:59338, ChEBI:CHEBI:85033, ChEBI:CHEBI:85035; EC=2.1.1.249;	FUNCTION: Catalyzes the transfer of a methyl group from dimethylamine to the corrinoid cofactor of MtbC. {ECO:0000250}.	10.1101/gr.223902	OTHER
